GROUP,PACKAGE,CLASS,INSTRUCTION_MISSED,INSTRUCTION_COVERED,BRANCH_MISSED,BRANCH_COVERED,LINE_MISSED,LINE_COVERED,COMPLEXITY_MISSED,COMPLEXITY_COVERED,METHOD_MISSED,METHOD_COVERED
JFreeChart-2.0,org.jfree.chart.api,VerticalAlignment,0,21,0,0,0,4,0,1,0,1
JFreeChart-2.0,org.jfree.chart.api,RectangleEdge,24,57,9,9,9,10,9,8,1,4
JFreeChart-2.0,org.jfree.chart.api,RectangleInsets,365,317,36,20,66,81,32,26,7,23
JFreeChart-2.0,org.jfree.chart.api,RectangleAlignment,5,237,1,12,1,60,1,13,0,2
JFreeChart-2.0,org.jfree.chart.api,SortOrder,0,15,0,0,0,3,0,1,0,1
JFreeChart-2.0,org.jfree.chart.api,RectangleAnchor,131,141,15,5,26,31,15,6,0,3
JFreeChart-2.0,org.jfree.chart.api,TableOrder,0,15,0,0,0,3,0,1,0,1
JFreeChart-2.0,org.jfree.chart.api,XYCoordinateType,0,21,0,0,0,4,0,1,0,1
JFreeChart-2.0,org.jfree.chart.api,HorizontalAlignment,0,21,0,0,0,4,0,1,0,1
JFreeChart-2.0,org.jfree.chart.api,LengthAdjustmentType,0,21,0,0,0,4,0,1,0,1
JFreeChart-2.0,org.jfree.chart.api,UnitType,0,15,0,0,0,3,0,1,0,1
JFreeChart-2.0,org.jfree.chart.api,Layer,0,15,0,0,0,3,0,1,0,1
JFreeChart-2.0,org.jfree.chart.api,Rotation,0,28,0,0,0,7,0,3,0,3
JFreeChart-2.0,org.jfree.chart.plot,PlotRenderingInfo,73,147,9,11,16,42,9,16,2,13
JFreeChart-2.0,org.jfree.chart.plot,CombinedDomainXYPlot,364,556,59,53,95,151,55,33,15,17
JFreeChart-2.0,org.jfree.chart.plot,PolarPlot,1187,1151,174,104,303,295,157,77,54,41
JFreeChart-2.0,org.jfree.chart.plot,DatasetRenderingOrder,0,15,0,0,0,3,0,1,0,1
JFreeChart-2.0,org.jfree.chart.plot,DialShape,0,21,0,0,0,4,0,1,0,1
JFreeChart-2.0,org.jfree.chart.plot,Plot,379,769,86,86,115,241,85,72,21,47
JFreeChart-2.0,org.jfree.chart.plot,ThermometerPlot,1190,761,118,74,254,188,126,45,49,25
JFreeChart-2.0,org.jfree.chart.plot,RingPlot,422,262,45,25,111,90,37,28,14,16
JFreeChart-2.0,org.jfree.chart.plot,PlotState,0,11,0,0,0,4,0,2,0,2
JFreeChart-2.0,org.jfree.chart.plot,FastScatterPlot,225,808,37,65,74,216,50,52,21,30
JFreeChart-2.0,org.jfree.chart.plot,DefaultDrawingSupplier,12,765,6,50,4,147,5,41,0,18
JFreeChart-2.0,org.jfree.chart.plot,CategoryMarker,29,93,5,7,7,27,5,10,1,8
JFreeChart-2.0,org.jfree.chart.plot,Crosshair,56,578,1,33,20,159,18,39,17,23
JFreeChart-2.0,org.jfree.chart.plot,MeterPlot,174,1355,50,96,44,349,64,67,19,39
JFreeChart-2.0,org.jfree.chart.plot,IntervalMarker,20,116,2,10,5,32,4,13,2,9
JFreeChart-2.0,org.jfree.chart.plot,CombinedRangeXYPlot,365,507,59,43,94,133,52,29,14,16
JFreeChart-2.0,org.jfree.chart.plot,CombinedRangeCategoryPlot,213,512,41,45,54,138,40,25,8,14
JFreeChart-2.0,org.jfree.chart.plot,MeterInterval,12,123,6,8,6,36,6,11,0,10
JFreeChart-2.0,org.jfree.chart.plot,XYCrosshairState,3,0,0,0,2,0,1,0,1,0
JFreeChart-2.0,org.jfree.chart.plot,PlotOrientation,0,23,0,0,0,5,0,3,0,3
JFreeChart-2.0,org.jfree.chart.plot,WaferMapPlot,581,0,44,0,132,0,37,0,15,0
JFreeChart-2.0,org.jfree.chart.plot,PolarAxisLocation,0,51,0,0,0,9,0,1,0,1
JFreeChart-2.0,org.jfree.chart.plot,CombinedDomainCategoryPlot,318,551,49,47,78,142,48,27,12,15
JFreeChart-2.0,org.jfree.chart.plot,XYPlot,2290,4726,365,533,518,1248,316,370,56,181
JFreeChart-2.0,org.jfree.chart.plot,ValueMarker,11,57,1,7,3,19,2,8,1,5
JFreeChart-2.0,org.jfree.chart.plot,SpiderWebPlot,214,1402,40,92,59,367,49,80,16,47
JFreeChart-2.0,org.jfree.chart.plot,CategoryPlot,1900,4103,332,462,406,1123,272,351,50,176
JFreeChart-2.0,org.jfree.chart.plot,Marker,52,495,7,35,13,136,10,49,3,35
JFreeChart-2.0,org.jfree.chart.plot,CrosshairState,141,53,15,1,36,24,14,13,6,13
JFreeChart-2.0,org.jfree.chart.plot,CategoryCrosshairState,88,29,11,1,25,13,7,6,1,6
JFreeChart-2.0,org.jfree.chart.plot,CenterTextMode,0,21,0,0,0,4,0,1,0,1
JFreeChart-2.0,org.jfree.chart.plot,SeriesRenderingOrder,0,15,0,0,0,3,0,1,0,1
JFreeChart-2.0,org.jfree.chart.imagemap,StandardToolTipTagFragmentGenerator,0,7,0,0,0,3,0,2,0,2
JFreeChart-2.0,org.jfree.chart.imagemap,DynamicDriveToolTipTagFragmentGenerator,33,0,0,0,11,0,3,0,3,0
JFreeChart-2.0,org.jfree.chart.imagemap,StandardURLTagFragmentGenerator,0,6,0,0,0,3,0,2,0,2
JFreeChart-2.0,org.jfree.chart.imagemap,OverLIBToolTipTagFragmentGenerator,0,7,0,0,0,4,0,2,0,2
JFreeChart-2.0,org.jfree.chart.imagemap,ImageMapUtils,55,198,7,27,12,48,10,15,5,3
JFreeChart-2.0,org.jfree.chart.urls,CustomPieURLGenerator,13,158,7,17,5,39,8,12,1,7
JFreeChart-2.0,org.jfree.chart.urls,StandardXYURLGenerator,38,64,8,6,9,20,7,5,1,4
JFreeChart-2.0,org.jfree.chart.urls,StandardCategoryURLGenerator,50,143,9,11,12,39,8,9,2,5
JFreeChart-2.0,org.jfree.chart.urls,TimeSeriesURLGenerator,32,167,5,15,9,44,9,9,4,4
JFreeChart-2.0,org.jfree.chart.urls,StandardXYZURLGenerator,9,0,0,0,2,0,2,0,2,0
JFreeChart-2.0,org.jfree.chart.urls,CustomXYURLGenerator,17,139,10,18,7,39,10,12,1,7
JFreeChart-2.0,org.jfree.chart.urls,CustomCategoryURLGenerator,17,139,10,18,7,40,10,12,1,7
JFreeChart-2.0,org.jfree.chart.urls,StandardPieURLGenerator,18,107,3,11,5,35,3,10,0,6
JFreeChart-2.0,org.jfree.data.json,JSONUtils,226,0,20,0,69,0,15,0,5,0
JFreeChart-2.0,org.jfree.chart.title,Title,33,270,9,19,12,78,13,24,5,18
JFreeChart-2.0,org.jfree.chart.title,ImageTitle,418,0,32,0,89,0,30,0,12,0
JFreeChart-2.0,org.jfree.chart.title,DateTitle,10,43,0,0,2,8,1,4,1,4
JFreeChart-2.0,org.jfree.chart.title,ShortTextTitle,286,7,40,0,62,4,26,2,6,2
JFreeChart-2.0,org.jfree.chart.title,CompositeTitle,77,80,4,6,21,26,8,10,5,8
JFreeChart-2.0,org.jfree.chart.title,TextTitle,490,589,89,51,110,159,67,40,12,25
JFreeChart-2.0,org.jfree.data.xml,ItemHandler,106,0,8,0,32,0,11,0,7,0
JFreeChart-2.0,org.jfree.data.xml,PieDatasetHandler,72,0,8,0,20,0,9,0,5,0
JFreeChart-2.0,org.jfree.data.xml,ValueHandler,88,0,8,0,27,0,10,0,6,0
JFreeChart-2.0,org.jfree.data.xml,KeyHandler,84,0,6,0,21,0,9,0,6,0
JFreeChart-2.0,org.jfree.data.xml,DatasetReader,102,0,2,0,36,0,8,0,7,0
JFreeChart-2.0,org.jfree.data.xml,RootHandler,54,0,8,0,18,0,10,0,6,0
JFreeChart-2.0,org.jfree.data.xml,CategoryDatasetHandler,79,0,8,0,22,0,9,0,5,0
JFreeChart-2.0,org.jfree.data.xml,CategorySeriesHandler,110,0,8,0,29,0,9,0,5,0
JFreeChart-2.0,org.jfree.data.flow,FlowKey,23,88,2,10,6,25,6,8,4,4
JFreeChart-2.0,org.jfree.data.flow,DefaultFlowDataset,243,263,33,21,55,46,28,16,9,8
JFreeChart-2.0,org.jfree.data.flow,FlowDatasetUtils,290,0,38,0,63,0,25,0,6,0
JFreeChart-2.0,org.jfree.data.flow,NodeKey,19,64,3,7,6,19,6,6,3,4
JFreeChart-2.0,org.jfree.chart,ChartColor,6,338,0,0,2,25,1,2,1,2
JFreeChart-2.0,org.jfree.chart,ChartHints.Key,33,0,13,0,6,0,9,0,2,0
JFreeChart-2.0,org.jfree.chart,JFreeChart,656,1127,72,95,160,298,84,78,28,47
JFreeChart-2.0,org.jfree.chart,StandardChartTheme,1000,1232,95,117,237,368,114,85,47,46
JFreeChart-2.0,org.jfree.chart,ChartTransferable,207,0,12,0,52,0,13,0,7,0
JFreeChart-2.0,org.jfree.chart,ChartUtils,402,14,10,2,102,6,34,2,28,2
JFreeChart-2.0,org.jfree.chart,JFreeChart.new RenderingHints.Key() {...},3,4,0,0,1,1,1,1,1,1
JFreeChart-2.0,org.jfree.chart,ChartRenderingInfo,30,141,4,12,6,43,5,16,1,12
JFreeChart-2.0,org.jfree.chart,ChartHints,11,0,0,0,2,0,1,0,1,0
JFreeChart-2.0,org.jfree.chart,StandardChartTheme.new StandardChartTheme() {...},5,0,0,0,2,0,2,0,2,0
JFreeChart-2.0,org.jfree.chart,ChartFactory,1191,1175,135,47,256,281,105,38,24,28
JFreeChart-2.0,org.jfree.chart.encoders,SunPNGEncoderAdapter,32,0,0,0,12,0,7,0,7,0
JFreeChart-2.0,org.jfree.chart.encoders,EncoderUtil,71,0,0,0,21,0,9,0,9,0
JFreeChart-2.0,org.jfree.chart.encoders,SunJPEGEncoderAdapter,86,0,4,0,27,0,9,0,7,0
JFreeChart-2.0,org.jfree.chart.encoders,ImageEncoderFactory,97,0,4,0,31,0,10,0,8,0
JFreeChart-2.0,org.jfree.data.io,CSV,212,0,20,0,57,0,16,0,6,0
JFreeChart-2.0,org.jfree.chart.labels,IntervalXYItemLabelGenerator,258,24,29,3,55,9,22,4,7,3
JFreeChart-2.0,org.jfree.chart.labels,StandardPieToolTipGenerator,10,26,0,0,3,10,2,5,2,5
JFreeChart-2.0,org.jfree.chart.labels,IntervalXYToolTipGenerator,282,0,32,0,64,0,26,0,10,0
JFreeChart-2.0,org.jfree.chart.labels,StandardXYToolTipGenerator,14,50,1,3,4,18,3,9,2,8
JFreeChart-2.0,org.jfree.chart.labels,IntervalCategoryToolTipGenerator,98,30,11,3,20,11,7,6,1,5
JFreeChart-2.0,org.jfree.chart.labels,StandardCrosshairLabelGenerator,28,51,2,6,8,17,5,6,3,4
JFreeChart-2.0,org.jfree.chart.labels,IntervalCategoryItemLabelGenerator,96,15,10,0,19,6,6,3,1,3
JFreeChart-2.0,org.jfree.chart.labels,AbstractXYItemLabelGenerator,72,233,10,22,16,65,13,19,4,12
JFreeChart-2.0,org.jfree.chart.labels,BoxAndWhiskerXYToolTipGenerator,106,22,6,2,18,8,5,3,1,3
JFreeChart-2.0,org.jfree.chart.labels,BubbleXYItemLabelGenerator,101,101,9,9,22,31,9,10,3,7
JFreeChart-2.0,org.jfree.chart.labels,AbstractPieItemLabelGenerator,5,183,4,18,2,53,5,15,1,8
JFreeChart-2.0,org.jfree.chart.labels,StandardCategorySeriesLabelGenerator,2,71,1,5,1,24,1,9,0,7
JFreeChart-2.0,org.jfree.chart.labels,StandardPieSectionLabelGenerator,28,88,1,5,8,27,5,10,4,8
JFreeChart-2.0,org.jfree.chart.labels,BoxAndWhiskerToolTipGenerator,89,20,4,2,16,7,4,3,1,3
JFreeChart-2.0,org.jfree.chart.labels,AbstractCategoryItemLabelGenerator,64,191,7,15,16,55,11,13,5,8
JFreeChart-2.0,org.jfree.chart.labels,MultipleXYSeriesLabelGenerator,111,120,10,10,29,35,10,9,3,6
JFreeChart-2.0,org.jfree.chart.labels,CustomXYToolTipGenerator,18,126,14,14,4,34,13,9,1,7
JFreeChart-2.0,org.jfree.chart.labels,SymbolicXYItemLabelGenerator,90,18,10,2,24,7,9,4,3,4
JFreeChart-2.0,org.jfree.chart.labels,StandardFlowLabelGenerator,68,29,1,3,11,11,3,4,2,3
JFreeChart-2.0,org.jfree.chart.labels,StandardCategoryItemLabelGenerator,6,39,0,4,2,14,1,8,1,6
JFreeChart-2.0,org.jfree.chart.labels,StandardXYZToolTipGenerator,113,85,8,8,25,27,10,8,5,5
JFreeChart-2.0,org.jfree.chart.labels,ItemLabelPosition,61,79,3,9,15,24,8,7,5,4
JFreeChart-2.0,org.jfree.chart.labels,ItemLabelAnchor,0,153,0,0,0,26,0,1,0,1
JFreeChart-2.0,org.jfree.chart.labels,StandardCategoryToolTipGenerator,8,31,1,3,2,12,2,6,1,5
JFreeChart-2.0,org.jfree.chart.labels,HighLowItemLabelGenerator,136,83,18,10,31,27,14,7,2,5
JFreeChart-2.0,org.jfree.chart.labels,StandardXYSeriesLabelGenerator,2,71,1,5,1,24,1,9,0,7
JFreeChart-2.0,org.jfree.chart.labels,StandardXYItemLabelGenerator,20,42,1,3,6,16,4,8,3,7
JFreeChart-2.0,org.jfree.chart.axis,DateTickUnit,68,197,8,22,17,50,14,18,6,11
JFreeChart-2.0,org.jfree.chart.axis,TickUnit,12,86,5,11,5,26,6,10,1,7
JFreeChart-2.0,org.jfree.chart.axis,AxisLocation,24,27,5,0,8,5,6,1,2,1
JFreeChart-2.0,org.jfree.chart.axis,ModuloAxis,460,96,38,8,84,23,35,5,13,4
JFreeChart-2.0,org.jfree.chart.axis,DateAxis.DefaultTimeline,15,16,3,3,7,7,7,4,4,4
JFreeChart-2.0,org.jfree.chart.axis,MonthDateFormat,67,175,5,13,16,32,9,10,5,5
JFreeChart-2.0,org.jfree.chart.axis,NumberAxis,257,1161,44,106,61,280,46,68,6,33
JFreeChart-2.0,org.jfree.chart.axis,ValueTick,6,58,3,5,3,16,3,6,0,5
JFreeChart-2.0,org.jfree.chart.axis,AxisCollection,6,65,2,3,2,20,2,8,0,6
JFreeChart-2.0,org.jfree.chart.axis,DateAxis,715,2136,88,130,146,477,78,83,12,40
JFreeChart-2.0,org.jfree.chart.axis,TickUnits,46,85,5,5,11,22,7,7,3,6
JFreeChart-2.0,org.jfree.chart.axis,NumberTickUnitSource,42,319,17,45,14,84,17,26,0,12
JFreeChart-2.0,org.jfree.chart.axis,LogAxis,794,713,81,45,189,177,74,29,18,22
JFreeChart-2.0,org.jfree.chart.axis,CompassFormat,168,0,4,0,18,0,9,0,7,0
JFreeChart-2.0,org.jfree.chart.axis,SymbolAxis,748,137,93,11,193,44,61,13,13,9
JFreeChart-2.0,org.jfree.chart.axis,CategoryTick,5,91,2,10,2,23,3,9,1,5
JFreeChart-2.0,org.jfree.chart.axis,Axis,512,1255,60,101,126,371,55,102,7,68
JFreeChart-2.0,org.jfree.chart.axis,PeriodAxisLabelInfo,31,257,2,18,11,65,10,17,8,9
JFreeChart-2.0,org.jfree.chart.axis,ExtendedCategoryAxis,68,117,14,8,16,34,11,11,3,8
JFreeChart-2.0,org.jfree.chart.axis,SubCategoryAxis,290,261,34,20,66,70,26,15,2,12
JFreeChart-2.0,org.jfree.chart.axis,CategoryAnchor,0,21,0,0,0,4,0,1,0,1
JFreeChart-2.0,org.jfree.chart.axis,DateTickMarkPosition,0,21,0,0,0,4,0,1,0,1
JFreeChart-2.0,org.jfree.chart.axis,TickType,0,15,0,0,0,3,0,1,0,1
JFreeChart-2.0,org.jfree.chart.axis,MarkerAxisBand,201,103,9,13,45,28,10,8,4,3
JFreeChart-2.0,org.jfree.chart.axis,NumberTick,3,25,0,0,1,6,1,2,1,2
JFreeChart-2.0,org.jfree.chart.axis,CategoryLabelPosition,4,164,2,14,2,45,2,18,0,12
JFreeChart-2.0,org.jfree.chart.axis,CategoryLabelWidthType,0,15,0,0,0,3,0,1,0,1
JFreeChart-2.0,org.jfree.chart.axis,ValueAxis,567,1251,93,117,149,342,89,86,19,51
JFreeChart-2.0,org.jfree.chart.axis,CyclicNumberAxis,1452,156,191,15,344,54,118,20,21,14
JFreeChart-2.0,org.jfree.chart.axis,StandardTickUnitSource,49,13,1,1,10,5,5,3,4,3
JFreeChart-2.0,org.jfree.chart.axis,NumberTickUnit,12,75,2,8,2,24,3,9,1,6
JFreeChart-2.0,org.jfree.chart.axis,DateTick,7,51,2,4,3,13,3,5,1,4
JFreeChart-2.0,org.jfree.chart.axis,AxisSpace,177,269,26,22,39,67,21,22,5,14
JFreeChart-2.0,org.jfree.chart.axis,LogTick,15,0,0,0,4,0,2,0,2,0
JFreeChart-2.0,org.jfree.chart.axis,CyclicNumberAxis.CycleBoundTick,11,0,0,0,3,0,1,0,1,0
JFreeChart-2.0,org.jfree.chart.axis,CategoryAxis,386,1469,68,107,84,359,66,77,10,43
JFreeChart-2.0,org.jfree.chart.axis,DateTickUnitType,0,63,0,0,0,12,0,3,0,3
JFreeChart-2.0,org.jfree.chart.axis,AxisState,43,53,5,0,16,19,7,10,3,10
JFreeChart-2.0,org.jfree.chart.axis,LogarithmicAxis,1158,265,229,25,250,66,136,20,14,15
JFreeChart-2.0,org.jfree.chart.axis,Tick,7,82,2,10,3,26,3,11,1,7
JFreeChart-2.0,org.jfree.chart.axis,PeriodAxis,1277,486,115,25,263,129,83,33,24,22
JFreeChart-2.0,org.jfree.chart.axis,QuarterDateFormat,69,116,4,6,19,21,7,6,4,4
JFreeChart-2.0,org.jfree.chart.axis,CategoryLabelPositions,117,326,6,14,35,44,10,12,5,7
JFreeChart-2.0,org.jfree.chart.axis,AxisLabelLocation,0,21,0,0,0,4,0,1,0,1
JFreeChart-2.0,org.jfree.data.general,AbstractDataset,11,99,4,4,5,29,5,11,2,10
JFreeChart-2.0,org.jfree.data.general,Series,17,110,6,10,7,30,7,13,2,10
JFreeChart-2.0,org.jfree.data.general,DefaultPieDataset,81,128,8,12,27,37,14,15,7,12
JFreeChart-2.0,org.jfree.data.general,DefaultHeatMapDataset,76,188,12,30,13,51,15,21,3,12
JFreeChart-2.0,org.jfree.data.general,HeatMapUtils,125,0,8,0,26,0,8,0,4,0
JFreeChart-2.0,org.jfree.data.general,DefaultValueDataset,39,18,6,0,10,8,6,4,3,4
JFreeChart-2.0,org.jfree.data.general,WaferMapDataset,197,0,20,0,55,0,29,0,19,0
JFreeChart-2.0,org.jfree.data.general,DatasetUtils,730,2917,155,417,181,696,126,217,10,47
JFreeChart-2.0,org.jfree.data.general,AbstractSeriesDataset,0,26,0,4,0,9,0,5,0,3
JFreeChart-2.0,org.jfree.data.general,SeriesChangeEvent,0,4,0,0,0,2,0,1,0,1
JFreeChart-2.0,org.jfree.data.general,SeriesException,0,4,0,0,0,2,0,1,0,1
JFreeChart-2.0,org.jfree.data.general,DefaultKeyedValuesDataset,0,3,0,0,0,1,0,1,0,1
JFreeChart-2.0,org.jfree.data.general,DatasetChangeEvent,0,10,0,0,0,4,0,2,0,2
JFreeChart-2.0,org.jfree.data.general,DefaultKeyedValueDataset,32,99,12,10,9,31,11,10,2,8
JFreeChart-2.0,org.jfree.data.general,DefaultKeyedValues2DDataset,0,3,0,0,0,1,0,1,0,1
JFreeChart-2.0,org.jfree.data.time.ohlc,OHLCSeries,21,49,1,3,5,11,2,6,1,5
JFreeChart-2.0,org.jfree.data.time.ohlc,OHLC,4,94,2,10,2,28,2,11,0,7
JFreeChart-2.0,org.jfree.data.time.ohlc,OHLCSeriesCollection,166,178,10,16,38,51,24,17,17,11
JFreeChart-2.0,org.jfree.data.time.ohlc,OHLCItem,11,51,4,4,5,15,5,6,1,6
JFreeChart-2.0,org.jfree.chart.plot.compass,MeterNeedle,144,187,10,20,39,63,21,20,13,13
JFreeChart-2.0,org.jfree.chart.plot.compass,LineNeedle,53,16,6,2,12,5,6,3,2,3
JFreeChart-2.0,org.jfree.chart.plot.compass,ShipNeedle,84,20,8,4,16,6,8,3,2,3
JFreeChart-2.0,org.jfree.chart.plot.compass,CompassPlot,828,374,69,36,163,107,67,26,18,18
JFreeChart-2.0,org.jfree.chart.plot.compass,MiddlePinNeedle,134,20,10,4,25,6,9,3,2,3
JFreeChart-2.0,org.jfree.chart.plot.compass,PinNeedle,129,18,9,3,25,6,8,3,2,3
JFreeChart-2.0,org.jfree.chart.plot.compass,WindNeedle,69,18,8,4,17,6,8,2,2,2
JFreeChart-2.0,org.jfree.chart.plot.compass,PointerNeedle,139,18,13,3,36,6,10,3,2,3
JFreeChart-2.0,org.jfree.chart.plot.compass,PlumNeedle,84,18,7,3,19,6,7,3,2,3
JFreeChart-2.0,org.jfree.chart.plot.compass,LongNeedle,189,19,14,2,50,7,10,3,2,3
JFreeChart-2.0,org.jfree.chart.plot.compass,ArrowNeedle,142,34,13,5,30,12,10,4,2,3
JFreeChart-2.0,org.jfree.data.category,DefaultCategoryDataset,20,219,1,19,8,64,4,31,3,22
JFreeChart-2.0,org.jfree.data.category,DefaultIntervalCategoryDataset,193,568,46,74,43,146,45,48,3,30
JFreeChart-2.0,org.jfree.data.category,SlidingCategoryDataset,81,204,8,24,17,53,15,21,7,13
JFreeChart-2.0,org.jfree.data.category,CategoryToPieDataset,62,218,23,35,18,61,19,22,1,11
JFreeChart-2.0,org.jfree.chart.renderer,LookupPaintScale.PaintItem,8,69,4,8,4,24,4,7,0,5
JFreeChart-2.0,org.jfree.chart.renderer,LookupPaintScale,11,239,4,30,3,64,4,24,0,11
JFreeChart-2.0,org.jfree.chart.renderer,AreaRendererEndType,0,21,0,0,0,4,0,1,0,1
JFreeChart-2.0,org.jfree.chart.renderer,DefaultPolarItemRenderer,725,342,85,27,193,91,79,16,24,15
JFreeChart-2.0,org.jfree.chart.renderer,RendererState,0,35,0,4,0,14,0,7,0,5
JFreeChart-2.0,org.jfree.chart.renderer,RendererUtils,17,368,6,56,5,97,7,28,1,3
JFreeChart-2.0,org.jfree.chart.renderer,Outlier,89,66,16,6,15,20,12,10,3,8
JFreeChart-2.0,org.jfree.chart.renderer,WaferMapRenderer,453,0,56,0,120,0,44,0,15,0
JFreeChart-2.0,org.jfree.chart.renderer,NotOutlierException,4,0,0,0,2,0,1,0,1,0
JFreeChart-2.0,org.jfree.chart.renderer,AbstractRenderer,613,2028,100,190,115,595,124,192,30,129
JFreeChart-2.0,org.jfree.chart.renderer,OutlierListCollection,66,24,8,0,18,8,8,4,4,4
JFreeChart-2.0,org.jfree.chart.renderer,OutlierList,93,0,4,0,26,0,11,0,9,0
JFreeChart-2.0,org.jfree.chart.renderer,GrayPaintScale,31,115,3,13,7,31,4,14,1,9
JFreeChart-2.0,org.jfree.chart.entity,StandardEntityCollection,48,93,6,4,12,24,7,10,3,9
JFreeChart-2.0,org.jfree.chart.entity,TitleEntity,98,25,12,0,30,8,13,3,7,3
JFreeChart-2.0,org.jfree.chart.entity,ChartEntity,139,219,20,20,35,62,22,18,5,15
JFreeChart-2.0,org.jfree.chart.entity,NodeEntity,25,0,0,0,8,0,4,0,4,0
JFreeChart-2.0,org.jfree.chart.entity,XYAnnotationEntity,44,0,8,0,16,0,8,0,4,0
JFreeChart-2.0,org.jfree.chart.entity,CategoryItemEntity,45,49,5,5,16,13,12,2,7,2
JFreeChart-2.0,org.jfree.chart.entity,PlotEntity,111,12,12,0,34,4,15,1,9,1
JFreeChart-2.0,org.jfree.chart.entity,PieSectionEntity,40,77,2,10,12,26,8,10,6,6
JFreeChart-2.0,org.jfree.chart.entity,LegendItemEntity,20,49,3,7,6,16,6,7,3,5
JFreeChart-2.0,org.jfree.chart.entity,CategoryLabelEntity,48,30,2,4,12,9,5,3,3,2
JFreeChart-2.0,org.jfree.chart.entity,FlowEntity,22,30,1,3,6,9,4,3,3,2
JFreeChart-2.0,org.jfree.chart.entity,XYItemEntity,24,54,2,8,8,18,7,7,5,4
JFreeChart-2.0,org.jfree.chart.entity,TickLabelEntity,0,6,0,0,0,2,0,1,0,1
JFreeChart-2.0,org.jfree.chart.entity,JFreeChartEntity,98,25,12,0,30,8,13,3,7,3
JFreeChart-2.0,org.jfree.chart.entity,AxisEntity,98,25,12,0,30,8,13,3,7,3
JFreeChart-2.0,org.jfree.chart.util,StandardGradientPaintTransformer,121,45,10,8,25,16,8,8,2,5
JFreeChart-2.0,org.jfree.chart.util,StringUtils,39,4,4,0,8,1,4,1,2,1
JFreeChart-2.0,org.jfree.chart.util,PaintAlpha,472,0,38,0,92,0,29,0,10,0
JFreeChart-2.0,org.jfree.chart.util,DefaultShadowGenerator,383,62,22,8,78,18,25,3,11,2
JFreeChart-2.0,org.jfree.chart.util,DirectionalGradientPaintTransformer,166,0,20,0,32,0,12,0,2,0
JFreeChart-2.0,org.jfree.chart.util,GradientPaintTransformType,0,27,0,0,0,5,0,1,0,1
JFreeChart-2.0,org.jfree.chart.util,ExportUtils,315,0,8,0,63,0,11,0,7,0
JFreeChart-2.0,org.jfree.chart.util,AttrStringUtils,490,11,92,0,108,3,60,1,14,1
JFreeChart-2.0,org.jfree.data.gantt,XYTaskDataset,260,84,17,9,57,29,34,10,24,7
JFreeChart-2.0,org.jfree.data.gantt,SlidingGanttCategoryDataset,431,156,41,19,78,44,48,15,23,10
JFreeChart-2.0,org.jfree.data.gantt,TaskSeries,34,95,2,10,10,30,6,11,4,7
JFreeChart-2.0,org.jfree.data.gantt,Task,38,134,1,11,7,43,2,20,1,15
JFreeChart-2.0,org.jfree.data.gantt,TaskSeriesCollection,80,587,11,41,22,155,13,51,5,33
JFreeChart-2.0,org.jfree.chart.text.format,HexNumberFormat,68,0,4,0,19,0,9,0,7,0
JFreeChart-2.0,org.jfree.chart.text.format,RelativeDateFormat,46,437,8,32,17,117,15,33,7,21
JFreeChart-2.0,org.jfree.chart.text.format,HMSNumberFormat,9,60,0,0,2,12,2,2,2,2
JFreeChart-2.0,org.jfree.chart.text.format,LogFormat,82,108,7,11,20,31,11,9,6,5
JFreeChart-2.0,org.jfree.chart.date,SpreadsheetDate,172,242,42,22,28,52,36,16,10,10
JFreeChart-2.0,org.jfree.chart.date,SerialDate,398,423,55,20,105,45,58,18,25,9
JFreeChart-2.0,org.jfree.chart.legend,LegendTitle,120,596,20,42,36,163,30,37,13,23
JFreeChart-2.0,org.jfree.chart.legend,LegendRenderingOrder,15,0,0,0,3,0,1,0,1,0
JFreeChart-2.0,org.jfree.chart.legend,LegendItemCollection,18,63,1,5,5,19,3,9,2,7
JFreeChart-2.0,org.jfree.chart.legend,LegendItem,262,691,16,44,50,198,23,66,11,48
JFreeChart-2.0,org.jfree.chart.legend,LegendItemBlockContainer,9,78,1,3,3,25,4,7,3,6
JFreeChart-2.0,org.jfree.chart.legend,LegendGraphic,122,605,30,46,30,161,31,47,9,30
JFreeChart-2.0,org.jfree.chart.legend,PaintScaleLegend,747,309,65,23,138,91,47,27,13,17
JFreeChart-2.0,org.jfree.chart.internal,LineUtils,113,209,18,30,20,42,16,11,2,1
JFreeChart-2.0,org.jfree.chart.internal,HashUtils,52,128,5,13,10,23,7,13,2,9
JFreeChart-2.0,org.jfree.chart.internal,Args,10,51,1,11,2,14,2,10,1,5
JFreeChart-2.0,org.jfree.chart.internal,ShapeUtils,596,268,52,42,120,65,47,21,10,11
JFreeChart-2.0,org.jfree.chart.internal,ArrayUtils,151,69,41,17,42,16,26,8,3,2
JFreeChart-2.0,org.jfree.chart.internal,SerialUtils,146,926,21,79,33,276,21,48,0,17
JFreeChart-2.0,org.jfree.chart.internal,CloneUtils,53,126,2,16,18,35,3,11,1,4
JFreeChart-2.0,org.jfree.chart.internal,PaintUtils,217,113,58,26,48,27,35,11,2,2
JFreeChart-2.0,org.jfree.data.time,DynamicTimeSeriesCollection,889,0,92,0,203,0,89,0,42,0
JFreeChart-2.0,org.jfree.data.time,Year,24,211,5,13,7,59,5,23,1,18
JFreeChart-2.0,org.jfree.data.time,Week,278,369,44,26,75,96,35,25,7,18
JFreeChart-2.0,org.jfree.data.time,Minute,127,350,21,11,33,84,15,23,2,20
JFreeChart-2.0,org.jfree.data.time,Second,166,303,31,11,41,67,21,20,2,18
JFreeChart-2.0,org.jfree.data.time,Day,27,302,5,9,10,90,5,27,1,24
JFreeChart-2.0,org.jfree.data.time,TimePeriodValue,49,70,11,9,9,22,10,9,2,7
JFreeChart-2.0,org.jfree.data.time,DynamicTimeSeriesCollection.ValueSequence,39,0,2,0,10,0,5,0,4,0
JFreeChart-2.0,org.jfree.data.time,MovingAverage,302,115,39,15,70,29,28,6,6,1
JFreeChart-2.0,org.jfree.data.time,TimeTableXYDataset,266,165,26,12,63,48,35,17,19,14
JFreeChart-2.0,org.jfree.data.time,TimePeriodValuesCollection,234,215,21,17,59,60,28,14,14,9
JFreeChart-2.0,org.jfree.data.time,Millisecond,91,366,22,12,28,83,16,20,1,18
JFreeChart-2.0,org.jfree.data.time,RegularTimePeriod,36,171,10,16,12,39,8,18,1,12
JFreeChart-2.0,org.jfree.data.time,TimePeriodValues,71,428,5,39,15,121,6,38,1,21
JFreeChart-2.0,org.jfree.data.time,TimePeriodFormatException,0,4,0,0,0,2,0,1,0,1
JFreeChart-2.0,org.jfree.data.time,TimeSeries,244,1222,37,147,57,321,38,108,6,48
JFreeChart-2.0,org.jfree.data.time,SimpleTimePeriod,17,150,4,18,6,40,6,14,2,7
JFreeChart-2.0,org.jfree.data.time,TimePeriodAnchor,0,21,0,0,0,4,0,1,0,1
JFreeChart-2.0,org.jfree.data.time,Hour,61,349,14,14,17,88,13,25,2,22
JFreeChart-2.0,org.jfree.data.time,FixedMillisecond,78,62,11,5,24,20,18,7,10,7
JFreeChart-2.0,org.jfree.data.time,Month,62,417,16,36,17,109,16,34,1,23
JFreeChart-2.0,org.jfree.data.time,TimeSeriesCollection,204,506,29,39,49,129,30,42,11,27
JFreeChart-2.0,org.jfree.data.time,TimeSeriesTableModel,143,0,32,0,51,0,27,0,11,0
JFreeChart-2.0,org.jfree.data.time,TimeSeriesDataItem,8,92,3,9,4,27,3,12,0,9
JFreeChart-2.0,org.jfree.data.time,DateRange,19,59,0,0,5,14,2,7,2,7
JFreeChart-2.0,org.jfree.data.time,Quarter,77,400,16,18,18,83,15,25,2,21
JFreeChart-2.0,org.jfree.chart.swing,ChartFrame,37,0,2,0,10,0,4,0,3,0
JFreeChart-2.0,org.jfree.chart.swing,ChartPanel,2524,1246,307,52,647,333,261,42,83,33
JFreeChart-2.0,org.jfree.chart.swing,ApplicationFrame,22,0,2,0,13,0,9,0,8,0
JFreeChart-2.0,org.jfree.chart.swing,MouseWheelHandler,105,13,14,0,33,5,11,1,4,1
JFreeChart-2.0,org.jfree.chart.swing,PolarChartPanel,244,0,24,0,72,0,19,0,7,0
JFreeChart-2.0,org.jfree.chart.swing,CrosshairOverlay,923,82,153,5,227,25,93,6,15,5
JFreeChart-2.0,org.jfree.chart.swing,ChartMouseEvent,22,0,0,0,8,0,4,0,4,0
JFreeChart-2.0,org.jfree.chart.swing,AbstractOverlay,33,29,3,1,8,9,4,3,2,3
JFreeChart-2.0,org.jfree.chart.swing,DefaultSelectionZoomStrategy,247,66,22,0,63,23,21,8,10,8
JFreeChart-2.0,org.jfree.chart.swing,NumberCellRenderer,34,0,4,0,12,0,4,0,2,0
JFreeChart-2.0,org.jfree.chart.swing,OverlayChangeEvent,0,4,0,0,0,2,0,1,0,1
JFreeChart-2.0,org.jfree.chart.swing,UIUtils,203,0,6,0,47,0,12,0,9,0
JFreeChart-2.0,org.jfree.chart.renderer.category,MinMaxCategoryRenderer,241,328,22,14,56,70,24,13,9,10
JFreeChart-2.0,org.jfree.chart.renderer.category,LevelRenderer,171,342,25,23,31,88,25,12,3,10
JFreeChart-2.0,org.jfree.chart.renderer.category,CategoryStepRenderer.State,9,0,0,0,3,0,1,0,1,0
JFreeChart-2.0,org.jfree.chart.renderer.category,LayeredBarRenderer,433,331,83,27,97,81,55,9,1,8
JFreeChart-2.0,org.jfree.chart.renderer.category,StandardBarPainter,198,17,31,3,54,8,19,4,3,3
JFreeChart-2.0,org.jfree.chart.renderer.category,StatisticalBarRenderer,232,567,63,41,54,127,47,17,2,10
JFreeChart-2.0,org.jfree.chart.renderer.category,DefaultCategoryItemRenderer,0,3,0,0,0,1,0,1,0,1
JFreeChart-2.0,org.jfree.chart.renderer.category,StackedAreaRenderer,761,46,57,7,160,18,36,7,6,5
JFreeChart-2.0,org.jfree.chart.renderer.category,BarRenderer,613,920,140,78,134,251,94,65,8,42
JFreeChart-2.0,org.jfree.chart.renderer.category,LineAndShapeRenderer,177,663,43,59,38,181,42,44,4,31
JFreeChart-2.0,org.jfree.chart.renderer.category,ScatterRenderer,378,153,47,15,96,52,37,18,12,12
JFreeChart-2.0,org.jfree.chart.renderer.category,StatisticalLineAndShapeRenderer,207,401,36,40,43,103,35,15,3,9
JFreeChart-2.0,org.jfree.chart.renderer.category,GroupedStackedBarRenderer,136,343,39,29,23,91,31,10,0,7
JFreeChart-2.0,org.jfree.chart.renderer.category,AreaRenderer,333,140,39,11,80,39,25,7,2,5
JFreeChart-2.0,org.jfree.chart.renderer.category,CategoryStepRenderer,292,122,32,10,64,34,25,5,5,4
JFreeChart-2.0,org.jfree.chart.renderer.category,MinMaxCategoryRenderer.new Icon() {...},10,53,2,2,3,8,4,2,2,2
JFreeChart-2.0,org.jfree.chart.renderer.category,MinMaxCategoryRenderer.new Icon() {...},50,21,4,0,12,1,5,1,3,1
JFreeChart-2.0,org.jfree.chart.renderer.category,CategoryItemRendererState,32,60,5,5,10,21,7,9,3,8
JFreeChart-2.0,org.jfree.chart.renderer.category,AbstractCategoryItemRenderer,977,911,121,91,260,275,94,71,11,48
JFreeChart-2.0,org.jfree.chart.renderer.category,BoxAndWhiskerRenderer,653,1038,77,85,120,253,74,41,12,22
JFreeChart-2.0,org.jfree.chart.renderer.category,StackedBarRenderer,380,68,77,7,89,24,43,8,3,6
JFreeChart-2.0,org.jfree.chart.renderer.category,IntervalBarRenderer,81,169,15,15,18,46,14,6,0,5
JFreeChart-2.0,org.jfree.chart.renderer.category,WaterfallBarRenderer,285,310,40,22,74,76,27,19,5,10
JFreeChart-2.0,org.jfree.chart.renderer.category,GradientBarPainter,110,595,28,22,33,115,19,15,0,9
JFreeChart-2.0,org.jfree.chart.renderer.category,GanttRenderer,554,337,61,25,100,99,41,18,3,13
JFreeChart-2.0,org.jfree.chart.renderer.xy,WindItemRenderer,245,6,0,0,45,3,1,2,1,2
JFreeChart-2.0,org.jfree.chart.renderer.xy,StandardXYItemRenderer,355,603,74,66,79,170,66,38,9,25
JFreeChart-2.0,org.jfree.chart.renderer.xy,CyclicXYItemRenderer,780,0,118,0,106,0,64,0,5,0
JFreeChart-2.0,org.jfree.chart.renderer.xy,CyclicXYItemRenderer.OverwriteDataSet,100,0,6,0,26,0,15,0,12,0
JFreeChart-2.0,org.jfree.chart.renderer.xy,DeviationRenderer.State,14,0,0,0,4,0,1,0,1,0
JFreeChart-2.0,org.jfree.chart.renderer.xy,XYDifferenceRenderer,1616,254,206,18,372,78,121,16,13,12
JFreeChart-2.0,org.jfree.chart.renderer.xy,XYBoxAndWhiskerRenderer,741,515,62,30,130,123,47,22,5,18
JFreeChart-2.0,org.jfree.chart.renderer.xy,DefaultXYItemRenderer,0,3,0,0,0,1,0,1,0,1
JFreeChart-2.0,org.jfree.chart.renderer.xy,XYLineAndShapeRenderer.State,7,24,0,0,3,7,2,2,2,2
JFreeChart-2.0,org.jfree.chart.renderer.xy,AbstractXYItemRenderer,1352,947,138,84,346,266,107,60,18,36
JFreeChart-2.0,org.jfree.chart.renderer.xy,DeviationRenderer,362,51,32,6,69,16,26,5,8,4
JFreeChart-2.0,org.jfree.chart.renderer.xy,XYBarRenderer.XYBarRendererState,14,0,0,0,6,0,3,0,3,0
JFreeChart-2.0,org.jfree.chart.renderer.xy,XYAreaRenderer2,146,406,22,18,32,106,19,13,1,11
JFreeChart-2.0,org.jfree.chart.renderer.xy,XYBubbleRenderer,292,138,35,12,62,39,25,6,2,5
JFreeChart-2.0,org.jfree.chart.renderer.xy,XYErrorRenderer,350,141,26,14,65,48,21,16,6,11
JFreeChart-2.0,org.jfree.chart.renderer.xy,StandardXYItemRenderer.State,14,4,0,0,6,2,4,1,4,1
JFreeChart-2.0,org.jfree.chart.renderer.xy,GradientXYBarPainter,630,74,41,9,125,23,26,8,5,4
JFreeChart-2.0,org.jfree.chart.renderer.xy,XYItemRendererState,6,27,0,0,2,11,2,5,2,5
JFreeChart-2.0,org.jfree.chart.renderer.xy,XYDotRenderer,146,178,18,16,31,58,17,13,3,10
JFreeChart-2.0,org.jfree.chart.renderer.xy,XYSplineRenderer,757,79,60,10,124,29,39,9,7,6
JFreeChart-2.0,org.jfree.chart.renderer.xy,XYStepRenderer,125,264,21,29,21,62,17,17,0,9
JFreeChart-2.0,org.jfree.chart.renderer.xy,DeviationStepRenderer,557,24,64,4,102,8,36,3,3,2
JFreeChart-2.0,org.jfree.chart.renderer.xy,XYShapeRenderer,283,226,35,23,71,74,31,23,11,14
JFreeChart-2.0,org.jfree.chart.renderer.xy,SamplingXYLineRenderer.State,37,0,0,0,12,0,2,0,2,0
JFreeChart-2.0,org.jfree.chart.renderer.xy,VectorRenderer,503,37,44,4,114,11,27,3,3,3
JFreeChart-2.0,org.jfree.chart.renderer.xy,XYAreaRenderer,317,571,45,51,67,162,35,35,2,20
JFreeChart-2.0,org.jfree.chart.renderer.xy,ClusteredXYBarRenderer,365,121,59,13,84,33,33,11,2,6
JFreeChart-2.0,org.jfree.chart.renderer.xy,XYBlockRenderer,393,215,38,26,90,62,35,16,9,10
JFreeChart-2.0,org.jfree.chart.renderer.xy,YIntervalRenderer,250,41,18,4,60,14,13,6,3,5
JFreeChart-2.0,org.jfree.chart.renderer.xy,CandlestickRenderer,618,284,64,28,140,96,43,34,6,24
JFreeChart-2.0,org.jfree.chart.renderer.xy,XYStepAreaRenderer,161,484,48,50,35,130,39,30,1,19
JFreeChart-2.0,org.jfree.chart.renderer.xy,HighLowRenderer,369,130,52,16,81,48,33,18,6,11
JFreeChart-2.0,org.jfree.chart.renderer.xy,XYSplineRenderer.XYSplineState,14,0,0,0,4,0,1,0,1,0
JFreeChart-2.0,org.jfree.chart.renderer.xy,SamplingXYLineRenderer,323,0,26,0,82,0,21,0,8,0
JFreeChart-2.0,org.jfree.chart.renderer.xy,StackedXYAreaRenderer2,788,130,54,14,164,37,33,13,4,8
JFreeChart-2.0,org.jfree.chart.renderer.xy,StackedXYAreaRenderer,220,415,49,39,52,112,35,25,2,14
JFreeChart-2.0,org.jfree.chart.renderer.xy,StackedXYBarRenderer,400,80,78,8,94,25,45,8,4,6
JFreeChart-2.0,org.jfree.chart.renderer.xy,XYSplineRenderer.FillType,0,27,0,0,0,5,0,1,0,1
JFreeChart-2.0,org.jfree.chart.renderer.xy,StackedXYAreaRenderer.StackedXYAreaRendererState,0,46,0,0,0,16,0,8,0,8
JFreeChart-2.0,org.jfree.chart.renderer.xy,XYBarRenderer,982,401,173,37,221,130,110,40,18,27
JFreeChart-2.0,org.jfree.chart.renderer.xy,XYAreaRenderer.XYAreaRendererState,0,14,0,0,0,4,0,1,0,1
JFreeChart-2.0,org.jfree.chart.renderer.xy,XYLineAndShapeRenderer,241,918,63,85,54,230,62,57,7,38
JFreeChart-2.0,org.jfree.chart.renderer.xy,StandardXYBarPainter,197,17,31,3,54,8,19,4,3,3
JFreeChart-2.0,org.jfree.data,KeyedObject,24,64,2,8,6,21,3,9,1,6
JFreeChart-2.0,org.jfree.data,DefaultKeyedValues2D,50,513,12,56,17,129,14,43,2,21
JFreeChart-2.0,org.jfree.data,DefaultKeyedValues,37,450,10,34,9,108,10,34,1,21
JFreeChart-2.0,org.jfree.data,KeyedValuesItemKey,85,0,6,0,24,0,9,0,6,0
JFreeChart-2.0,org.jfree.data,DataUtils,65,267,12,36,16,62,10,24,2,8
JFreeChart-2.0,org.jfree.data,Range,35,409,8,64,7,93,9,50,2,21
JFreeChart-2.0,org.jfree.data,RangeType,0,21,0,0,0,4,0,1,0,1
JFreeChart-2.0,org.jfree.data,DomainOrder,0,21,0,0,0,4,0,1,0,1
JFreeChart-2.0,org.jfree.data,KeyedValueComparator,31,112,7,21,9,34,9,9,2,2
JFreeChart-2.0,org.jfree.data,UnknownKeyException,0,4,0,0,0,2,0,1,0,1
JFreeChart-2.0,org.jfree.data,KeyedObjects2D,55,519,12,58,17,131,14,43,2,20
JFreeChart-2.0,org.jfree.data,DefaultKeyedValue,36,49,6,4,6,16,6,7,2,6
JFreeChart-2.0,org.jfree.data,KeyedObjects,97,225,20,24,25,64,18,20,4,12
JFreeChart-2.0,org.jfree.data,KeyedValues2DItemKey,148,0,10,0,38,0,13,0,8,0
JFreeChart-2.0,org.jfree.data,ComparableObjectSeries,63,372,11,49,19,97,12,39,3,18
JFreeChart-2.0,org.jfree.data,ComparableObjectItem,8,73,2,8,4,20,3,10,1,7
JFreeChart-2.0,org.jfree.data,KeyToGroupMap,64,268,9,33,17,77,9,25,2,11
JFreeChart-2.0,org.jfree.data,KeyedValueComparatorType,0,15,0,0,0,3,0,1,0,1
JFreeChart-2.0,org.jfree.chart.swing.editor,DefaultPolarPlotEditor,241,0,12,0,60,0,15,0,9,0
JFreeChart-2.0,org.jfree.chart.swing.editor,DefaultLogAxisEditor,156,0,12,0,42,0,13,0,7,0
JFreeChart-2.0,org.jfree.chart.swing.editor,FontDisplayField,39,0,2,0,13,0,6,0,5,0
JFreeChart-2.0,org.jfree.chart.swing.editor,DefaultValueAxisEditor,546,0,32,0,128,0,36,0,20,0
JFreeChart-2.0,org.jfree.chart.swing.editor,ChartEditorManager,17,0,0,0,6,0,4,0,4,0
JFreeChart-2.0,org.jfree.chart.swing.editor,DefaultAxisEditor,577,0,22,0,132,0,29,0,18,0
JFreeChart-2.0,org.jfree.chart.swing.editor,LCBLayout,524,0,40,0,82,0,28,0,8,0
JFreeChart-2.0,org.jfree.chart.swing.editor,DefaultChartEditorFactory,8,0,0,0,3,0,2,0,2,0
JFreeChart-2.0,org.jfree.chart.swing.editor,StrokeChooserPanel,66,0,2,0,15,0,5,0,4,0
JFreeChart-2.0,org.jfree.chart.swing.editor,DefaultTitleEditor,384,0,22,0,96,0,22,0,11,0
JFreeChart-2.0,org.jfree.chart.swing.editor,FontChooserPanel,337,0,20,0,71,0,17,0,7,0
JFreeChart-2.0,org.jfree.chart.swing.editor,StrokeSample,168,0,4,0,37,0,8,0,6,0
JFreeChart-2.0,org.jfree.chart.swing.editor,DefaultChartEditor,422,0,6,0,87,0,12,0,9,0
JFreeChart-2.0,org.jfree.chart.swing.editor,DefaultNumberAxisEditor,199,0,12,0,52,0,13,0,7,0
JFreeChart-2.0,org.jfree.chart.swing.editor,DefaultPlotEditor,929,0,100,0,230,0,68,0,18,0
JFreeChart-2.0,org.jfree.chart.swing.editor,PaintSample,90,0,0,0,22,0,5,0,5,0
JFreeChart-2.0,org.jfree.chart.plot.pie,PieLabelDistributor,287,47,28,6,56,16,21,5,5,4
JFreeChart-2.0,org.jfree.chart.plot.pie,PiePlotState,0,80,0,0,0,34,0,21,0,21
JFreeChart-2.0,org.jfree.chart.plot.pie,AbstractPieLabelDistributor,0,31,0,0,0,10,0,5,0,5
JFreeChart-2.0,org.jfree.chart.plot.pie,MultiplePiePlot,362,410,47,33,85,121,35,30,6,19
JFreeChart-2.0,org.jfree.chart.plot.pie,PieLabelLinkStyle,0,21,0,0,0,4,0,1,0,1
JFreeChart-2.0,org.jfree.chart.plot.pie,PieLabelRecord,57,131,9,17,19,36,13,16,7,9
JFreeChart-2.0,org.jfree.chart.plot.pie,PiePlot,1449,2729,148,204,277,718,149,160,40,93
JFreeChart-2.0,org.jfree.chart.text,TextBox,179,310,30,16,43,78,35,13,13,12
JFreeChart-2.0,org.jfree.chart.text,AttributedStringUtils,6,74,4,14,2,24,4,6,0,1
JFreeChart-2.0,org.jfree.chart.text,TextUtils,296,796,53,69,69,187,52,32,8,15
JFreeChart-2.0,org.jfree.chart.text,TextFragment,53,203,14,12,13,52,13,16,2,14
JFreeChart-2.0,org.jfree.chart.text,TextBlock,36,308,19,27,8,64,17,20,2,12
JFreeChart-2.0,org.jfree.chart.text,TextAnchor,8,207,22,38,0,24,21,18,0,9
JFreeChart-2.0,org.jfree.chart.text,TextLine,42,225,9,13,12,56,10,14,2,11
JFreeChart-2.0,org.jfree.chart.text,TextBlockAnchor,0,57,0,0,0,10,0,1,0,1
JFreeChart-2.0,org.jfree.chart.text,G2TextMeasurer,0,25,0,0,0,7,0,2,0,2
JFreeChart-2.0,org.jfree.data.function,LineFunction2D,4,59,2,4,2,17,2,7,0,6
JFreeChart-2.0,org.jfree.data.function,NormalDistributionFunction2D,26,70,3,5,5,19,4,6,1,5
JFreeChart-2.0,org.jfree.data.function,PowerFunction2D,12,51,2,4,3,16,3,6,1,5
JFreeChart-2.0,org.jfree.data.function,PolynomialFunction2D,27,38,3,1,5,10,3,5,1,5
JFreeChart-2.0,org.jfree.data.json.impl,JSONArray,107,0,16,0,41,0,14,0,6,0
JFreeChart-2.0,org.jfree.data.json.impl,JSONValue,315,0,81,0,95,0,49,0,5,0
JFreeChart-2.0,org.jfree.data.json.impl,JSONObject,157,0,14,0,49,0,15,0,8,0
JFreeChart-2.0,org.jfree.data.xy,DefaultTableXYDataset,115,543,19,47,28,139,23,46,9,27
JFreeChart-2.0,org.jfree.data.xy,VectorSeries,16,58,0,0,4,16,2,8,2,8
JFreeChart-2.0,org.jfree.data.xy,XYBarDataset,96,110,8,6,23,27,16,13,10,12
JFreeChart-2.0,org.jfree.data.xy,XYDatasetTableModel,99,0,14,0,32,0,17,0,10,0
JFreeChart-2.0,org.jfree.data.xy,XYInterval,4,84,2,12,2,26,2,12,0,7
JFreeChart-2.0,org.jfree.data.xy,DefaultHighLowDataset,125,123,12,18,38,33,23,11,16,3
JFreeChart-2.0,org.jfree.data.xy,WindDataItem,26,65,7,9,10,18,10,4,3,3
JFreeChart-2.0,org.jfree.data.xy,XYIntervalDataItem,10,62,5,5,5,18,5,7,0,7
JFreeChart-2.0,org.jfree.data.xy,DefaultWindDataset,99,187,12,18,25,42,15,13,6,7
JFreeChart-2.0,org.jfree.data.xy,CategoryTableXYDataset,68,159,6,6,19,44,14,19,10,17
JFreeChart-2.0,org.jfree.data.xy,Vector,26,73,2,6,5,19,5,6,3,4
JFreeChart-2.0,org.jfree.data.xy,DefaultOHLCDataset,75,119,10,8,22,34,15,14,8,12
JFreeChart-2.0,org.jfree.data.xy,YIntervalSeries,0,64,0,0,0,17,0,9,0,9
JFreeChart-2.0,org.jfree.data.xy,MatrixSeriesCollection,131,77,8,6,30,25,16,7,10,6
JFreeChart-2.0,org.jfree.data.xy,XYDataItem,15,127,4,12,6,39,5,16,1,12
JFreeChart-2.0,org.jfree.data.xy,XYIntervalSeries,0,82,0,0,0,21,0,11,0,11
JFreeChart-2.0,org.jfree.data.xy,DefaultXYDataset,76,284,10,20,18,58,13,17,4,11
JFreeChart-2.0,org.jfree.data.xy,AbstractXYDataset,0,33,1,3,0,12,1,5,0,4
JFreeChart-2.0,org.jfree.data.xy,AbstractXYZDataset,14,3,2,0,5,1,2,1,1,1
JFreeChart-2.0,org.jfree.data.xy,DefaultXYZDataset,52,358,8,18,13,70,13,17,5,12
JFreeChart-2.0,org.jfree.data.xy,VectorSeriesCollection,118,91,3,5,27,27,12,10,10,8
JFreeChart-2.0,org.jfree.data.xy,DefaultIntervalXYDataset,74,475,13,23,18,89,20,18,7,13
JFreeChart-2.0,org.jfree.data.xy,XYItemKey,139,0,10,0,36,0,13,0,8,0
JFreeChart-2.0,org.jfree.data.xy,XYCoordinate,61,75,11,7,17,20,10,7,4,4
JFreeChart-2.0,org.jfree.data.xy,XIntervalDataItem,6,42,3,3,3,12,3,5,0,5
JFreeChart-2.0,org.jfree.data.xy,XIntervalSeries,0,64,0,0,0,17,0,9,0,9
JFreeChart-2.0,org.jfree.data.xy,MatrixSeries,10,147,2,16,3,34,3,17,1,10
JFreeChart-2.0,org.jfree.data.xy,IntervalXYDelegate,62,289,11,31,14,81,15,28,4,18
JFreeChart-2.0,org.jfree.data.xy,XIntervalSeriesCollection,151,118,5,5,35,34,16,11,13,9
JFreeChart-2.0,org.jfree.data.xy,VectorDataItem,24,29,3,1,8,7,5,3,3,3
JFreeChart-2.0,org.jfree.data.xy,YWithXInterval,4,56,2,8,2,18,2,8,0,5
JFreeChart-2.0,org.jfree.data.xy,YInterval,4,56,2,8,2,18,2,8,0,5
JFreeChart-2.0,org.jfree.data.xy,XYIntervalSeriesCollection,75,167,5,7,18,41,10,18,7,15
JFreeChart-2.0,org.jfree.data.xy,YIntervalSeriesCollection,85,145,5,3,21,36,10,14,7,13
JFreeChart-2.0,org.jfree.data.xy,OHLCDataItem,26,93,7,9,10,25,10,7,3,6
JFreeChart-2.0,org.jfree.data.xy,NormalizedMatrixSeries,70,0,0,0,19,0,6,0,6,0
JFreeChart-2.0,org.jfree.data.xy,YIntervalDataItem,6,42,3,3,3,12,3,5,0,5
JFreeChart-2.0,org.jfree.data.xy,XYSeriesCollection,140,565,24,60,39,155,19,62,4,35
JFreeChart-2.0,org.jfree.data.xy,AbstractIntervalXYDataset,0,59,2,6,0,21,2,7,0,5
JFreeChart-2.0,org.jfree.data.xy,XYSeries,108,874,23,101,28,226,26,81,5,40
JFreeChart-2.0,org.jfree.data.statistics,HistogramType,0,21,0,0,0,4,0,1,0,1
JFreeChart-2.0,org.jfree.data.statistics,DefaultMultiValueCategoryDataset,110,262,22,26,32,65,24,20,9,11
JFreeChart-2.0,org.jfree.data.statistics,BoxAndWhiskerCalculator,35,239,12,22,8,57,9,13,1,4
JFreeChart-2.0,org.jfree.data.statistics,DefaultBoxAndWhiskerXYDataset,87,316,18,24,23,95,24,25,7,21
JFreeChart-2.0,org.jfree.data.statistics,MeanAndStandardDeviation,30,73,3,9,6,25,5,10,2,7
JFreeChart-2.0,org.jfree.data.statistics,Statistics,276,396,25,43,50,96,19,29,4,10
JFreeChart-2.0,org.jfree.data.statistics,SimpleHistogramBin,92,197,15,39,16,54,12,27,1,11
JFreeChart-2.0,org.jfree.data.statistics,DefaultStatisticalCategoryDataset,77,648,21,91,28,167,27,59,8,22
JFreeChart-2.0,org.jfree.data.statistics,DefaultBoxAndWhiskerCategoryDataset,129,598,36,54,45,170,43,47,11,34
JFreeChart-2.0,org.jfree.data.statistics,HistogramBin,62,81,10,10,10,20,12,7,2,7
JFreeChart-2.0,org.jfree.data.statistics,SimpleHistogramDataset,180,179,15,17,39,48,31,13,18,10
JFreeChart-2.0,org.jfree.data.statistics,HistogramDataset,114,396,13,33,26,86,18,27,7,15
JFreeChart-2.0,org.jfree.data.statistics,BoxAndWhiskerItem,112,150,10,14,22,41,12,14,2,12
JFreeChart-2.0,org.jfree.data.statistics,Regression,526,432,50,12,82,92,30,8,3,4
JFreeChart-2.0,org.jfree.chart.block,RectangleConstraint,13,313,6,22,4,62,7,27,1,19
JFreeChart-2.0,org.jfree.chart.block,ColorBlock,60,52,1,5,16,19,6,6,5,4
JFreeChart-2.0,org.jfree.chart.block,BorderArrangement,199,1252,28,94,34,204,26,47,2,10
JFreeChart-2.0,org.jfree.chart.block,EmptyBlock,17,28,0,0,5,8,2,3,2,3
JFreeChart-2.0,org.jfree.chart.block,LengthConstraintType,0,21,0,0,0,4,0,1,0,1
JFreeChart-2.0,org.jfree.chart.block,Size2D,82,20,8,0,20,8,10,4,6,4
JFreeChart-2.0,org.jfree.chart.block,GridArrangement,63,587,15,59,20,124,15,36,1,13
JFreeChart-2.0,org.jfree.chart.block,LabelBlock,116,213,11,17,30,63,18,19,11,12
JFreeChart-2.0,org.jfree.chart.block,BlockBorder,73,142,6,10,15,41,9,11,3,9
JFreeChart-2.0,org.jfree.chart.block,ColumnArrangement,420,64,50,12,89,23,32,10,7,4
JFreeChart-2.0,org.jfree.chart.block,BlockParams,14,19,0,0,6,8,4,3,4,3
JFreeChart-2.0,org.jfree.chart.block,FlowArrangement,179,366,30,34,38,85,25,21,4,10
JFreeChart-2.0,org.jfree.chart.block,LineBorder,157,95,13,9,37,29,11,9,4,5
JFreeChart-2.0,org.jfree.chart.block,BlockContainer,34,205,3,19,9,60,6,20,3,12
JFreeChart-2.0,org.jfree.chart.block,AbstractBlock,155,412,4,30,29,120,13,42,9,29
JFreeChart-2.0,org.jfree.chart.block,CenterArrangement,255,53,34,2,58,13,27,4,9,4
JFreeChart-2.0,org.jfree.chart.block,BlockResult,0,13,0,0,0,6,0,3,0,3
JFreeChart-2.0,org.jfree.chart.plot.dial,StandardDialRange,167,216,11,13,43,54,21,13,12,10
JFreeChart-2.0,org.jfree.chart.plot.dial,StandardDialScale,422,559,29,41,95,142,46,38,27,22
JFreeChart-2.0,org.jfree.chart.plot.dial,DialPointer.Pin,66,111,2,6,16,34,5,10,3,8
JFreeChart-2.0,org.jfree.chart.plot.dial,StandardDialFrame,102,194,2,12,24,53,9,15,7,10
JFreeChart-2.0,org.jfree.chart.plot.dial,DialPointer.Pointer,222,100,3,7,51,32,9,9,6,7
JFreeChart-2.0,org.jfree.chart.plot.dial,DialValueIndicator,272,425,11,29,72,116,28,32,21,19
JFreeChart-2.0,org.jfree.chart.plot.dial,DialPointer,38,47,3,5,14,15,9,5,6,4
JFreeChart-2.0,org.jfree.chart.plot.dial,DialBackground,28,114,2,8,9,36,5,13,4,9
JFreeChart-2.0,org.jfree.chart.plot.dial,DialPlot,489,380,51,29,124,105,55,27,26,16
JFreeChart-2.0,org.jfree.chart.plot.dial,DialLayerChangeEvent,3,7,0,0,1,3,1,1,1,1
JFreeChart-2.0,org.jfree.chart.plot.dial,ArcDialFrame,231,316,3,19,47,80,14,22,11,14
JFreeChart-2.0,org.jfree.chart.plot.dial,DialTextAnnotation,85,234,4,14,23,60,13,16,9,11
JFreeChart-2.0,org.jfree.chart.plot.dial,DialCap,59,179,2,12,16,51,8,15,6,10
JFreeChart-2.0,org.jfree.chart.plot.dial,AbstractDialLayer,24,98,3,7,9,25,6,10,3,8
JFreeChart-2.0,org.jfree.data.resources,DataPackageResources_fr,35,0,0,0,3,0,3,0,3,0
JFreeChart-2.0,org.jfree.data.resources,DataPackageResources_es,35,0,0,0,3,0,3,0,3,0
JFreeChart-2.0,org.jfree.data.resources,DataPackageResources_de,35,0,0,0,3,0,3,0,3,0
JFreeChart-2.0,org.jfree.data.resources,DataPackageResources,0,35,0,0,0,3,0,3,0,3
JFreeChart-2.0,org.jfree.data.resources,DataPackageResources_ru,35,0,0,0,3,0,3,0,3,0
JFreeChart-2.0,org.jfree.data.resources,DataPackageResources_pl,35,0,0,0,3,0,3,0,3,0
JFreeChart-2.0,org.jfree.chart.plot.flow,FlowPlot,1241,270,82,26,215,89,61,27,19,15
JFreeChart-2.0,org.jfree.chart.annotations,XYDataImageAnnotation,289,0,26,0,75,0,29,0,16,0
JFreeChart-2.0,org.jfree.chart.annotations,XYTitleAnnotation,126,316,23,21,37,75,28,9,9,6
JFreeChart-2.0,org.jfree.chart.annotations,CategoryLineAnnotation,133,264,6,14,31,79,7,22,3,16
JFreeChart-2.0,org.jfree.chart.annotations,XYDrawableAnnotation,151,170,8,14,28,42,12,10,6,5
JFreeChart-2.0,org.jfree.chart.annotations,XYBoxAnnotation,70,288,12,18,19,70,21,10,9,7
JFreeChart-2.0,org.jfree.chart.annotations,CategoryPointerAnnotation,263,303,4,20,57,83,12,23,9,14
JFreeChart-2.0,org.jfree.chart.annotations,XYTextAnnotation,57,498,6,32,19,145,12,39,6,26
JFreeChart-2.0,org.jfree.chart.annotations,CategoryTextAnnotation,96,129,6,10,23,39,5,14,1,10
JFreeChart-2.0,org.jfree.chart.annotations,XYPointerAnnotation,311,309,12,18,67,84,16,22,9,14
JFreeChart-2.0,org.jfree.chart.annotations,XYPolygonAnnotation,212,144,21,13,45,39,20,10,7,6
JFreeChart-2.0,org.jfree.chart.annotations,XYImageAnnotation,237,0,22,0,69,0,23,0,12,0
JFreeChart-2.0,org.jfree.chart.annotations,XYLineAnnotation,157,201,14,14,36,54,11,17,2,12
JFreeChart-2.0,org.jfree.chart.annotations,TextAnnotation,4,239,2,14,2,73,2,24,0,18
JFreeChart-2.0,org.jfree.chart.annotations,XYShapeAnnotation,193,145,14,12,44,40,12,10,3,6
JFreeChart-2.0,org.jfree.chart.annotations,AbstractXYAnnotation,61,41,11,5,20,14,11,5,3,5
JFreeChart-2.0,org.jfree.chart.annotations,AbstractAnnotation,21,83,4,4,7,24,6,9,3,8
JFreeChart-2.0,org.jfree.chart.event,ChartProgressEventType,0,15,0,0,0,3,0,1,0,1
JFreeChart-2.0,org.jfree.chart.event,ChartChangeEventType,0,21,0,0,0,4,0,1,0,1
JFreeChart-2.0,org.jfree.chart.event,PlotChangeEvent,3,7,0,0,1,3,1,1,1,1
JFreeChart-2.0,org.jfree.chart.event,MarkerChangeEvent,0,10,0,0,0,4,0,2,0,2
JFreeChart-2.0,org.jfree.chart.event,TitleChangeEvent,3,7,0,0,1,3,1,1,1,1
JFreeChart-2.0,org.jfree.chart.event,AnnotationChangeEvent,3,10,0,0,1,4,1,1,1,1
JFreeChart-2.0,org.jfree.chart.event,AxisChangeEvent,0,10,0,0,0,4,0,2,0,2
JFreeChart-2.0,org.jfree.chart.event,ChartChangeEvent,12,30,0,0,4,12,3,4,3,4
JFreeChart-2.0,org.jfree.chart.event,RendererChangeEvent,0,21,0,0,0,8,0,4,0,4
JFreeChart-2.0,org.jfree.chart.event,ChartProgressEvent,24,16,0,0,10,6,6,1,6,1
